patient_name,aadhar_number,patient_gender,patient_birthdate,patient_email,patient_mobile_no,patient_address.street,patient_address.city,patient_address.state,patient_address.zip,patient_consent
One,400848845355-64-9202,Female,2001-10-07,one@example.com,+18113501384,1089 birch street,chicago,IL,17089,True
One,400848845355-64-9202,Female,2001-10-07,one@example.com,+18113501384,1089 birch street,chicago,IL,17089,True
One,400848845355-64-9202,Female,2001-10-07,one@example.com,+18113501384,1089 birch street,chicago,IL,17089,True
One,400848845355-64-9202,Female,2001-10-07,one@example.com,+18113501384,1089 birch street,chicago,IL,17089,True
One,400848845355-64-9202,Female,2001-10-07,one@example.com,+18113501384,1089 birch street,chicago,IL,17089,True
Five,681109678904-59-2872,Female,1995-02-14,five@example.com,+16504321234,789 maple street,Boston,MA,02110,False
Six,451203789458-27-3893,Male,1988-06-01,six@example.com,+14158675309,567 pine street,San Francisco,CA,94111,False
Seven,431105234532-65-2475,Other,1990-08-22,seven@example.com,+49123456789,234 elm street,New York,NY,10999,True
Eight,551209534231-45-1905,Female,1999-12-15,eight@example.com,+447912345678,345 high street,chicago,IL,SW1A 2AA,True
Nine,631206045220-51-4927,Female,1980-03-29,nine@example.com,+12125551212,678 broadway,New York,NY,10010,True
